{"cameraMode":{"drawMode":0,"name":"Shaded","section":"Shading Mode"},"sceneLighting":false,"audioPlay":false,"sceneViewState":{"m_AlwaysRefresh":false,"showFog":true,"showSkybox":false,"showFlares":true,"showImageEffects":true,"showParticleSystems":true,"showVisualEffectGraphs":true,"m_FxEnabled":true},"in2DMode":false,"pivot":{"x":1.135263442993164,"y":-0.3994535803794861,"z":10.122865676879883},"rotation":{"x":0.35521361231803896,"y":-0.08638370037078858,"z":0.03299783170223236,"w":0.930120050907135},"size":0.41102176904678347,"orthographic":false}