{"cameraMode":{"drawMode":0,"name":"Shaded","section":"Shading Mode"},"sceneLighting":true,"audioPlay":false,"sceneViewState":{"m_AlwaysRefresh":false,"showFog":true,"showSkybox":true,"showFlares":true,"showImageEffects":true,"showParticleSystems":true,"showVisualEffectGraphs":true,"m_FxEnabled":true},"in2DMode":false,"pivot":{"x":0.2525363266468048,"y":-0.7857922315597534,"z":5.278435230255127},"rotation":{"x":0.0014930511824786664,"y":-0.966384768486023,"z":0.256878137588501,"w":0.0052983686327934269},"size":0.8519781827926636,"orthographic":false}