{"cameraMode":{"drawMode":0,"name":"Shaded","section":"Shading Mode"},"sceneLighting":true,"audioPlay":false,"sceneViewState":{"m_AlwaysRefresh":false,"showFog":true,"showSkybox":true,"showFlares":true,"showImageEffects":true,"showParticleSystems":true,"showVisualEffectGraphs":true,"m_FxEnabled":true},"in2DMode":false,"pivot":{"x":-4.757923126220703,"y":0.3411189019680023,"z":-7.290988445281982},"rotation":{"x":-0.062036894261837009,"y":0.9014953374862671,"z":-0.13791677355766297,"w":-0.40550488233566286},"size":10.810129165649414,"orthographic":false}