{"cameraMode":{"drawMode":0,"name":"Shaded","section":"Shading Mode"},"sceneLighting":true,"audioPlay":false,"sceneViewState":{"m_AlwaysRefresh":false,"showFog":true,"showSkybox":true,"showFlares":true,"showImageEffects":true,"showParticleSystems":true,"showVisualEffectGraphs":true,"m_FxEnabled":true},"in2DMode":false,"pivot":{"x":-27.55733299255371,"y":-7.197794437408447,"z":10.811001777648926},"rotation":{"x":0.15453578531742097,"y":-0.48777180910110476,"z":0.08802612125873566,"w":0.8546162247657776},"size":14.270777702331543,"orthographic":false}