{"cameraMode":{"drawMode":0,"name":"Shaded","section":"Shading Mode"},"sceneLighting":true,"audioPlay":false,"sceneViewState":{"m_AlwaysRefresh":false,"showFog":true,"showSkybox":true,"showFlares":true,"showImageEffects":true,"showParticleSystems":true,"showVisualEffectGraphs":true,"m_FxEnabled":true},"in2DMode":false,"pivot":{"x":0.9477875232696533,"y":3.3203492164611818,"z":-2.992936372756958},"rotation":{"x":0.1841338574886322,"y":-0.7372187376022339,"z":0.2222522795200348,"w":0.6107735633850098},"size":0.036749500781297687,"orthographic":false}