{"cameraMode":{"drawMode":0,"name":"Shaded","section":"Shading Mode"},"sceneLighting":true,"audioPlay":false,"sceneViewState":{"m_AlwaysRefresh":false,"showFog":true,"showSkybox":true,"showFlares":true,"showImageEffects":true,"showParticleSystems":true,"showVisualEffectGraphs":true,"m_FxEnabled":true},"in2DMode":false,"pivot":{"x":-69.57455444335938,"y":-34.430782318115237,"z":37.411991119384769},"rotation":{"x":-0.19158188998699189,"y":0.48277485370635989,"z":-0.10912799090147019,"w":-0.8475340008735657},"size":44.21323013305664,"orthographic":false}