{"cameraMode":{"drawMode":0,"name":"Shaded","section":"Shading Mode"},"sceneLighting":true,"audioPlay":false,"sceneViewState":{"m_AlwaysRefresh":false,"showFog":true,"showSkybox":true,"showFlares":true,"showImageEffects":true,"showParticleSystems":true,"showVisualEffectGraphs":true,"m_FxEnabled":true},"in2DMode":false,"pivot":{"x":-2.229764699935913,"y":3.5404794216156008,"z":-3.127548933029175},"rotation":{"x":0.25236520171165469,"y":-0.34153643250465395,"z":0.09569274634122849,"w":0.9002065062522888},"size":0.13945099711418153,"orthographic":false}