{"cameraMode":{"drawMode":0,"name":"Shaded","section":"Shading Mode"},"sceneLighting":true,"audioPlay":false,"sceneViewState":{"m_AlwaysRefresh":false,"showFog":true,"showSkybox":true,"showFlares":true,"showImageEffects":true,"showParticleSystems":true,"showVisualEffectGraphs":true,"m_FxEnabled":true},"in2DMode":false,"pivot":{"x":1.3617912530899048,"y":1.8373057842254639,"z":-4.327297210693359},"rotation":{"x":-0.1879800409078598,"y":0.12909357249736787,"z":-0.025052441284060479,"w":-0.9732840657234192},"size":1.1921093463897706,"orthographic":false}